dataset	variable	target	code_or_value	description	count	cumulative	skip_to
BMX_L	SEQN	Both males and females 0 YEARS - 150 YEARS		(no code table printed)			
BMX_L	BMDSTATS	Both males and females 0 YEARS - 150 YEARS	1	Complete data for age group	8235	8235	
BMX_L	BMDSTATS	Both males and females 0 YEARS - 150 YEARS	2	Partial: Only height and weight obtained	147	8382	
BMX_L	BMDSTATS	Both males and females 0 YEARS - 150 YEARS	3	Other partial exam	409	8791	
BMX_L	BMDSTATS	Both males and females 0 YEARS - 150 YEARS	4	No body measures exam data	69	8860	
BMX_L	BMDSTATS	Both males and females 0 YEARS - 150 YEARS	.	Missing	0	8860	
BMX_L	BMXWT	Both males and females 0 YEARS - 150 YEARS	2.7 to 248.2	Range of Values	8754	8754	
BMX_L	BMXWT	Both males and females 0 YEARS - 150 YEARS	.	Missing	106	8860	
BMX_L	BMIWT	Both males and females 0 YEARS - 150 YEARS	1	Could not obtain	30	30	
BMX_L	BMIWT	Both males and females 0 YEARS - 150 YEARS	3	Clothing	296	326	
BMX_L	BMIWT	Both males and females 0 YEARS - 150 YEARS	4	Medical appliance	19	345	
BMX_L	BMIWT	Both males and females 0 YEARS - 150 YEARS	.	Missing	8515	8860	
BMX_L	BMXRECUM	Both males and females 0 MONTHS - 47 MONTHS	48.5 to 118.8	Range of Values	454	454	
BMX_L	BMXRECUM	Both males and females 0 MONTHS - 47 MONTHS	.	Missing	8406	8860	
BMX_L	BMIRECUM	Both males and females 0 MONTHS - 47 MONTHS	1	Could not obtain	18	18	
BMX_L	BMIRECUM	Both males and females 0 MONTHS - 47 MONTHS	3	Not straight	0	18	
BMX_L	BMIRECUM	Both males and females 0 MONTHS - 47 MONTHS	.	Missing	8842	8860	
BMX_L	BMXHEAD	Both males and females 0 MONTHS - 6 MONTHS	34.4 to 46.5	Range of Values	70	70	
BMX_L	BMXHEAD	Both males and females 0 MONTHS - 6 MONTHS	.	Missing	8790	8860	
BMX_L	BMIHEAD	Both males and females 0 MONTHS - 6 MONTHS	1	Could not obtain	0	0	
BMX_L	BMIHEAD	Both males and females 0 MONTHS - 6 MONTHS	.	Missing	8860	8860	
BMX_L	BMXHT	Both males and females 2 YEARS - 150 YEARS	79.1 to 200.7	Range of Values	8499	8499	
BMX_L	BMXHT	Both males and females 2 YEARS - 150 YEARS	.	Missing	361	8860	
BMX_L	BMIHT	Both males and females 2 YEARS - 150 YEARS	1	Could not obtain	46	46	
BMX_L	BMIHT	Both males and females 2 YEARS - 150 YEARS	3	Not straight	88	134	
BMX_L	BMIHT	Both males and females 2 YEARS - 150 YEARS	.	Missing	8726	8860	
BMX_L	BMXBMI	Both males and females 2 YEARS - 150 YEARS	11.1 to 74.8	Range of Values	8471	8471	
BMX_L	BMXBMI	Both males and females 2 YEARS - 150 YEARS	.	Missing	389	8860	
BMX_L	BMDBMIC	Both males and females 2 YEARS - 19 YEARS	1	Underweight	92	92	
BMX_L	BMDBMIC	Both males and females 2 YEARS - 19 YEARS	2	Normal weight	1469	1561	
BMX_L	BMDBMIC	Both males and females 2 YEARS - 19 YEARS	3	Overweight	372	1933	
BMX_L	BMDBMIC	Both males and females 2 YEARS - 19 YEARS	4	Obese	559	2492	
BMX_L	BMDBMIC	Both males and females 2 YEARS - 19 YEARS	.	Missing	6368	8860	
BMX_L	BMXLEG	Both males and females 8 YEARS - 150 YEARS	24.9 to 51.6	Range of Values	7335	7335	
BMX_L	BMXLEG	Both males and females 8 YEARS - 150 YEARS	.	Missing	1525	8860	
BMX_L	BMILEG	Both males and females 8 YEARS - 150 YEARS	1	Could not obtain	396	396	
BMX_L	BMILEG	Both males and females 8 YEARS - 150 YEARS	.	Missing	8464	8860	
BMX_L	BMXARML	Both males and females 2 MONTHS - 150 YEARS	10 to 49.2	Range of Values	8568	8568	
BMX_L	BMXARML	Both males and females 2 MONTHS - 150 YEARS	.	Missing	292	8860	
BMX_L	BMIARML	Both males and females 2 MONTHS - 150 YEARS	1	Could not obtain	200	200	
BMX_L	BMIARML	Both males and females 2 MONTHS - 150 YEARS	.	Missing	8660	8860	
BMX_L	BMXARMC	Both males and females 2 MONTHS - 150 YEARS	12 to 63.3	Range of Values	8562	8562	
BMX_L	BMXARMC	Both males and females 2 MONTHS - 150 YEARS	.	Missing	298	8860	
BMX_L	BMIARMC	Both males and females 2 MONTHS - 150 YEARS	1	Could not obtain	205	205	
BMX_L	BMIARMC	Both males and females 2 MONTHS - 150 YEARS	.	Missing	8655	8860	
BMX_L	BMXWAIST	Both males and females 2 YEARS - 150 YEARS	39.8 to 187	Range of Values	8190	8190	
BMX_L	BMXWAIST	Both males and females 2 YEARS - 150 YEARS	.	Missing	670	8860	
BMX_L	BMIWAIST	Both males and females 2 YEARS - 150 YEARS	1	Could not obtain	347	347	
BMX_L	BMIWAIST	Both males and females 2 YEARS - 150 YEARS	.	Missing	8513	8860	
BMX_L	BMXHIP	Both males and females 12 YEARS - 150 YEARS	69.9 to 187.1	Range of Values	6776	6776	
BMX_L	BMXHIP	Both males and females 12 YEARS - 150 YEARS	.	Missing	2084	8860	
BMX_L	BMIHIP	Both males and females 12 YEARS - 150 YEARS	1	Could not obtain	361	361	
BMX_L	BMIHIP	Both males and females 12 YEARS - 150 YEARS	.	Missing	8499	8860	
DEMO_L	SEQN	Both males and females 0 YEARS - 150 YEARS		(no code table printed)			
DEMO_L	SDDSRVYR	Both males and females 0 YEARS - 150 YEARS	12	NHANES August 2021-August 2023 public	11933	11933	
DEMO_L	SDDSRVYR	Both males and females 0 YEARS - 150 YEARS	.	Missing	0	11933	
DEMO_L	RIDSTATR	Both males and females 0 YEARS - 150 YEARS	1	Interviewed only	3073	3073	
DEMO_L	RIDSTATR	Both males and females 0 YEARS - 150 YEARS	2	Both interviewed and MEC examined	8860	11933	
DEMO_L	RIDSTATR	Both males and females 0 YEARS - 150 YEARS	.	Missing	0	11933	
DEMO_L	RIAGENDR	Both males and females 0 YEARS - 150 YEARS	1	Male	5575	5575	
DEMO_L	RIAGENDR	Both males and females 0 YEARS - 150 YEARS	2	Female	6358	11933	
DEMO_L	RIAGENDR	Both males and females 0 YEARS - 150 YEARS	.	Missing	0	11933	
DEMO_L	RIDAGEYR	Both males and females 0 YEARS - 150 YEARS	0 to 79	Range of Values	11408	11408	
DEMO_L	RIDAGEYR	Both males and females 0 YEARS - 150 YEARS	80	80 years of age and over	525	11933	
DEMO_L	RIDAGEYR	Both males and females 0 YEARS - 150 YEARS	.	Missing	0	11933	
DEMO_L	RIDAGEMN	Both males and females 0 YEARS - 2 YEARS	0 to 24	Range of Values	377	377	
DEMO_L	RIDAGEMN	Both males and females 0 YEARS - 2 YEARS	.	Missing	11556	11933	
DEMO_L	RIDRETH1	Both males and females 0 YEARS - 150 YEARS	1	Mexican American	1117	1117	
DEMO_L	RIDRETH1	Both males and females 0 YEARS - 150 YEARS	2	Other Hispanic	1373	2490	
DEMO_L	RIDRETH1	Both males and females 0 YEARS - 150 YEARS	3	Non-Hispanic White	6217	8707	
DEMO_L	RIDRETH1	Both males and females 0 YEARS - 150 YEARS	4	Non-Hispanic Black	1597	10304	
DEMO_L	RIDRETH1	Both males and females 0 YEARS - 150 YEARS	5	Other Race - Including Multi-Racial	1629	11933	
DEMO_L	RIDRETH1	Both males and females 0 YEARS - 150 YEARS	.	Missing	0	11933	
DEMO_L	RIDRETH3	Both males and females 0 YEARS - 150 YEARS	1	Mexican American	1117	1117	
DEMO_L	RIDRETH3	Both males and females 0 YEARS - 150 YEARS	2	Other Hispanic	1373	2490	
DEMO_L	RIDRETH3	Both males and females 0 YEARS - 150 YEARS	3	Non-Hispanic White	6217	8707	
DEMO_L	RIDRETH3	Both males and females 0 YEARS - 150 YEARS	4	Non-Hispanic Black	1597	10304	
DEMO_L	RIDRETH3	Both males and females 0 YEARS - 150 YEARS	6	Non-Hispanic Asian	681	10985	
DEMO_L	RIDRETH3	Both males and females 0 YEARS - 150 YEARS	7	Other Race - Including Multi-Racial	948	11933	
DEMO_L	RIDRETH3	Both males and females 0 YEARS - 150 YEARS	.	Missing	0	11933	
DEMO_L	RIDEXMON	Both males and females 0 YEARS - 150 YEARS	1	November 1 through April 30	4251	4251	
DEMO_L	RIDEXMON	Both males and females 0 YEARS - 150 YEARS	2	May 1 through October 31	4609	8860	
DEMO_L	RIDEXMON	Both males and females 0 YEARS - 150 YEARS	.	Missing	3073	11933	
DEMO_L	RIDEXAGM	Both males and females 0 YEARS - 19 YEARS	0 to 239	Range of Values	2787	2787	
DEMO_L	RIDEXAGM	Both males and females 0 YEARS - 19 YEARS	.	Missing	9146	11933	
DEMO_L	DMQMILIZ	Both males and females 17 YEARS - 150 YEARS	1	Yes	694	694	
DEMO_L	DMQMILIZ	Both males and females 17 YEARS - 150 YEARS	2	No	7606	8300	
DEMO_L	DMQMILIZ	Both males and females 17 YEARS - 150 YEARS	7	Refused	1	8301	
DEMO_L	DMQMILIZ	Both males and females 17 YEARS - 150 YEARS	9	Don't know	0	8301	
DEMO_L	DMQMILIZ	Both males and females 17 YEARS - 150 YEARS	.	Missing	3632	11933	
DEMO_L	DMDBORN4	Both males and females 0 YEARS - 150 YEARS	1	Born in 50 US states or Washington,	10039	10039	DMDEDUC2
DEMO_L	DMDBORN4	Both males and females 0 YEARS - 150 YEARS	2	Others	1875	11914	
DEMO_L	DMDBORN4	Both males and females 0 YEARS - 150 YEARS	77	Refused	0	11914	DMDEDUC2
DEMO_L	DMDBORN4	Both males and females 0 YEARS - 150 YEARS	99	Don't know	0	11914	DMDEDUC2
DEMO_L	DMDBORN4	Both males and females 0 YEARS - 150 YEARS	.	Missing	19	11933	
DEMO_L	DMDYRUSR	Both males and females 0 YEARS - 150 YEARS	1	Less than 1 year	101	101	
DEMO_L	DMDYRUSR	Both males and females 0 YEARS - 150 YEARS	2	1 to 4 years	260	361	
DEMO_L	DMDYRUSR	Both males and females 0 YEARS - 150 YEARS	3	5 to 9 years	225	586	
DEMO_L	DMDYRUSR	Both males and females 0 YEARS - 150 YEARS	4	10 to 14 years	160	746	
DEMO_L	DMDYRUSR	Both males and females 0 YEARS - 150 YEARS	5	15 to 19 years	158	904	
DEMO_L	DMDYRUSR	Both males and females 0 YEARS - 150 YEARS	6	20 years or more	912	1816	
DEMO_L	DMDYRUSR	Both males and females 0 YEARS - 150 YEARS	77	Refused	13	1829	
DEMO_L	DMDYRUSR	Both males and females 0 YEARS - 150 YEARS	99	Don't know	46	1875	
DEMO_L	DMDYRUSR	Both males and females 0 YEARS - 150 YEARS	.	Missing	10058	11933	
DEMO_L	DMDEDUC2	Both males and females 20 YEARS - 150 YEARS	1	Less than 9th grade	373	373	
DEMO_L	DMDEDUC2	Both males and females 20 YEARS - 150 YEARS	2	9-11th grade (Includes 12th grade with no	666	1039	
DEMO_L	DMDEDUC2	Both males and females 20 YEARS - 150 YEARS	3	High school graduate/GED or equivalent	1749	2788	
DEMO_L	DMDEDUC2	Both males and females 20 YEARS - 150 YEARS	4	Some college or AA degree	2370	5158	
DEMO_L	DMDEDUC2	Both males and females 20 YEARS - 150 YEARS	5	College graduate or above	2625	7783	
DEMO_L	DMDEDUC2	Both males and females 20 YEARS - 150 YEARS	7	Refused	0	7783	
DEMO_L	DMDEDUC2	Both males and females 20 YEARS - 150 YEARS	9	Don't know	11	7794	
DEMO_L	DMDEDUC2	Both males and females 20 YEARS - 150 YEARS	.	Missing	4139	11933	
DEMO_L	DMDMARTZ	Both males and females 20 YEARS - 150 YEARS	1	Married/Living with partner	4136	4136	
DEMO_L	DMDMARTZ	Both males and females 20 YEARS - 150 YEARS	2	Widowed/Divorced/Separated	2022	6158	
DEMO_L	DMDMARTZ	Both males and females 20 YEARS - 150 YEARS	3	Never married	1625	7783	
DEMO_L	DMDMARTZ	Both males and females 20 YEARS - 150 YEARS	77	Refused	4	7787	
DEMO_L	DMDMARTZ	Both males and females 20 YEARS - 150 YEARS	99	Don't know	5	7792	
DEMO_L	DMDMARTZ	Both males and females 20 YEARS - 150 YEARS	.	Missing	4141	11933	
DEMO_L	RIDEXPRG	Females only 20 YEARS - 44 YEARS	1	Yes, positive lab pregnancy test or self-	41	41	
DEMO_L	RIDEXPRG	Females only 20 YEARS - 44 YEARS	2	The participant was not pregnant at exam	1065	1106	
DEMO_L	RIDEXPRG	Females only 20 YEARS - 44 YEARS	3	Cannot ascertain if the participant is pregnant	397	1503	
DEMO_L	RIDEXPRG	Females only 20 YEARS - 44 YEARS	.	Missing	10430	11933	
DEMO_L	DMDHHSIZ	Both males and females 0 YEARS - 150 YEARS	1 to 6	Range of Values	11309	11309	
DEMO_L	DMDHHSIZ	Both males and females 0 YEARS - 150 YEARS	7	7 or more people in the Household	624	11933	
DEMO_L	DMDHHSIZ	Both males and females 0 YEARS - 150 YEARS	.	Missing	0	11933	
DEMO_L	DMDHRGND	Both males and females 0 YEARS - 19 YEARS	1	Male	1793	1793	
DEMO_L	DMDHRGND	Both males and females 0 YEARS - 19 YEARS	2	Female	2322	4115	
DEMO_L	DMDHRGND	Both males and females 0 YEARS - 19 YEARS	.	Missing	7818	11933	
DEMO_L	DMDHRAGZ	Both males and females 0 YEARS - 19 YEARS	1	<20 years	83	83	
DEMO_L	DMDHRAGZ	Both males and females 0 YEARS - 19 YEARS	2	20-39 years	1985	2068	
DEMO_L	DMDHRAGZ	Both males and females 0 YEARS - 19 YEARS	3	40-59 years	1804	3872	
DEMO_L	DMDHRAGZ	Both males and females 0 YEARS - 19 YEARS	4	60+ years	252	4124	
DEMO_L	DMDHRAGZ	Both males and females 0 YEARS - 19 YEARS	.	Missing	7809	11933	
DEMO_L	DMDHREDZ	Both males and females 0 YEARS - 19 YEARS	1	Less than high school degree	550	550	
DEMO_L	DMDHREDZ	Both males and females 0 YEARS - 19 YEARS	2	High school grad/GED or some college/AA	2004	2554	
DEMO_L	DMDHREDZ	Both males and females 0 YEARS - 19 YEARS	3	College graduate or above	1192	3746	
DEMO_L	DMDHREDZ	Both males and females 0 YEARS - 19 YEARS	.	Missing	8187	11933	
DEMO_L	DMDHRMAZ	Both males and females 0 YEARS - 19 YEARS	1	Married/Living with partner	2947	2947	
DEMO_L	DMDHRMAZ	Both males and females 0 YEARS - 19 YEARS	2	Widowed/Divorced/Separated	614	3561	
DEMO_L	DMDHRMAZ	Both males and females 0 YEARS - 19 YEARS	3	Never Married	459	4020	
DEMO_L	DMDHRMAZ	Both males and females 0 YEARS - 19 YEARS	.	Missing	7913	11933	
DEMO_L	DMDHSEDZ	Both males and females 0 YEARS - 19 YEARS	1	Less than high school degree	300	300	
DEMO_L	DMDHSEDZ	Both males and females 0 YEARS - 19 YEARS	2	High school grad/GED or some college/AA	942	1242	
DEMO_L	DMDHSEDZ	Both males and females 0 YEARS - 19 YEARS	3	College graduate or above	885	2127	
DEMO_L	DMDHSEDZ	Both males and females 0 YEARS - 19 YEARS	.	Missing	9806	11933	
DEMO_L	WTINT2YR	Both males and females 0 YEARS - 150 YEARS	4584.463196 to 170968.343177	Range of Values	11933	11933	
DEMO_L	WTINT2YR	Both males and females 0 YEARS - 150 YEARS	.	Missing	0	11933	
DEMO_L	WTMEC2YR	Both males and females 0 YEARS - 150 YEARS	4581.595095 to 227108.296958	Range of Values	8860	8860	
DEMO_L	WTMEC2YR	Both males and females 0 YEARS - 150 YEARS	0	Not MEC Examined	3073	11933	
DEMO_L	WTMEC2YR	Both males and females 0 YEARS - 150 YEARS	.	Missing	0	11933	
DEMO_L	SDMVSTRA	Both males and females 0 YEARS - 150 YEARS	173 to 187	Range of Values	11933	11933	
DEMO_L	SDMVSTRA	Both males and females 0 YEARS - 150 YEARS	.	Missing	0	11933	
DEMO_L	SDMVPSU	Both males and females 0 YEARS - 150 YEARS	1 to 2	Range of Values	11933	11933	
DEMO_L	SDMVPSU	Both males and females 0 YEARS - 150 YEARS	.	Missing	0	11933	
DEMO_L	INDFMPIR	Both males and females 0 YEARS - 150 YEARS	0 to 4.99	Range of Values	7743	7743	
DEMO_L	INDFMPIR	Both males and females 0 YEARS - 150 YEARS	5	Value greater than or equal to 5.00	2149	9892	
DEMO_L	INDFMPIR	Both males and females 0 YEARS - 150 YEARS	.	Missing	2041	11933	
