"pkg","topic","rd","raw"
"base","mean","mean","rdocs_s52r1_base-mean.txt"
"base","NA","NA","rdocs_s52r1_base-NA.txt"
"base","c","c","rdocs_s52r1_base-c.txt"
"base","is.na","NA","rdocs_s52r1_base-NA.txt"
"base","stopifnot","stopifnot","rdocs_s52r1_base-stopifnot.txt"
"base","source","source","rdocs_s52r1_base-source.txt"
"base","set.seed","Random","rdocs_s52r1_base-Random.txt"
"base","round","Round","rdocs_s52r1_base-Round.txt"
"base","library","library","rdocs_s52r1_base-library.txt"
"utils","sessionInfo","sessionInfo","rdocs_s52r1_utils-sessionInfo.txt"
"utils","Rscript","Rscript","rdocs_s52r1_utils-Rscript.txt"
"utils","packageVersion","packageDescription","rdocs_s52r1_utils-packageDescription.txt"
"utils","install.packages","install.packages","rdocs_s52r1_utils-install.packages.txt"
"stats","median","median","rdocs_s52r1_stats-median.txt"
"stats","sd","sd","rdocs_s52r1_stats-sd.txt"
"stats","quantile","quantile","rdocs_s52r1_stats-quantile.txt"
"stats","IQR","IQR","rdocs_s52r1_stats-IQR.txt"
"dplyr","filter","filter","rdocs_s52r1_dplyr-filter.txt"
"dplyr","select","select","rdocs_s52r1_dplyr-select.txt"
"dplyr","mutate","mutate","rdocs_s52r1_dplyr-mutate.txt"
"dplyr","summarise","summarise","rdocs_s52r1_dplyr-summarise.txt"
"dplyr","group_by","group_by","rdocs_s52r1_dplyr-group_by.txt"
"dplyr","arrange","arrange","rdocs_s52r1_dplyr-arrange.txt"
"dplyr","count","count","rdocs_s52r1_dplyr-count.txt"
"dplyr","if_else","if_else","rdocs_s52r1_dplyr-if_else.txt"
"dplyr","case_when","case_when","rdocs_s52r1_dplyr-case_when.txt"
"dplyr","left_join","mutate-joins","rdocs_s52r1_dplyr-mutate-joins.txt"
"dplyr","anti_join","filter-joins","rdocs_s52r1_dplyr-filter-joins.txt"
"dplyr","across","across","rdocs_s52r1_dplyr-across.txt"
"dplyr","n_distinct","n_distinct","rdocs_s52r1_dplyr-n_distinct.txt"
"dplyr","rename","rename","rdocs_s52r1_dplyr-rename.txt"
"dplyr","desc","desc","rdocs_s52r1_dplyr-desc.txt"
"dplyr","n","context","rdocs_s52r1_dplyr-context.txt"
"tidyr","pivot_longer","pivot_longer","rdocs_s52r1_tidyr-pivot_longer.txt"
"tidyr","pivot_wider","pivot_wider","rdocs_s52r1_tidyr-pivot_wider.txt"
"tidyr","drop_na","drop_na","rdocs_s52r1_tidyr-drop_na.txt"
"readr","read_csv","read_delim","rdocs_s52r1_readr-read_delim.txt"
"readr","problems","problems","rdocs_s52r1_readr-problems.txt"
"readxl","read_excel","read_excel","rdocs_s52r1_readxl-read_excel.txt"
"haven","read_sav","read_spss","rdocs_s52r1_haven-read_spss.txt"
"haven","read_xpt","read_xpt","rdocs_s52r1_haven-read_xpt.txt"
"ggplot2","ggplot","ggplot","rdocs_s52r1_ggplot2-ggplot.txt"
"ggplot2","aes","aes","rdocs_s52r1_ggplot2-aes.txt"
"ggplot2","geom_histogram","geom_histogram","rdocs_s52r1_ggplot2-geom_histogram.txt"
"ggplot2","geom_boxplot","geom_boxplot","rdocs_s52r1_ggplot2-geom_boxplot.txt"
"ggplot2","ggsave","ggsave","rdocs_s52r1_ggplot2-ggsave.txt"
"ggplot2","facet_wrap","facet_wrap","rdocs_s52r1_ggplot2-facet_wrap.txt"
"forcats","fct_recode","fct_recode","rdocs_s52r1_forcats-fct_recode.txt"
"forcats","fct_relevel","fct_relevel","rdocs_s52r1_forcats-fct_relevel.txt"
"forcats","fct_infreq","fct_inorder","rdocs_s52r1_forcats-fct_inorder.txt"
"lubridate","ymd","ymd","rdocs_s52r1_lubridate-ymd.txt"
"lubridate","dmy","ymd","rdocs_s52r1_lubridate-ymd.txt"
"lubridate","mdy","ymd","rdocs_s52r1_lubridate-ymd.txt"
"stringr","str_trim","str_trim","rdocs_s52r1_stringr-str_trim.txt"
"stringr","str_to_lower","case","rdocs_s52r1_stringr-case.txt"
"here","here","here","rdocs_s52r1_here-here.txt"
